identifiant,nom,image,description,id_utilisateur
3,"Splash Mountain",https://cdn1.parksmedia.wdprapps.disney.com/media/blog/wp-content/uploads/2019/07/inmbcvfxdrsewFI.jpg,"Une attraction rafraichissante qui vous aidera à vaincre la chaleur de l'été.",65e6f7c85c696
4,"Haunted Mansion",https://cdn1.parksmedia.wdprapps.disney.com/resize/mwImage/1/1600/900/75/dam/disneyland/attractions/haunted-mansion/hanted-mansion-exterior-16x9.jpg?1699631836595,"Une balade fantomatique à travers une maison hantée qui vous fera trembler de peur.",65e6f7c85c696
5,"It's a Small World",https://offloadmedia.feverup.com/parissecret.com/wp-content/uploads/2023/01/16121506/KV-its-a-small-world-1024x684.jpg,"Une croisière paisible à travers des scènes animées qui ravira petits et grands.",65e6f7c85c696
2,"Pirate des Caraïbes",https://cdn1.parksmedia.wdprapps.disney.com/media/blog/wp-content/uploads/2017/06/POTCDLP1280.jpg,"Vous serez plongés dans l'univers époustouflant de vos films préférés.",65e6f7c85c696
10,"Auto Tamponneuse",https://maville.com/photosmvi/2019/10/05/P21282026D3859749G.jpg,"Certains vous disent que vous conduisez mal? Ici, tout est permi ! Emboutissez vos adversaires !",65e6f36aba91f
1,"Space Mountain",https://www.businessmarches.com/wp-content/uploads/2017/04/1.jpg,"Un voyage interstellaire qui ravira petits et grands",65e7064fe8de8
2,"Pirate des Caraïbes",https://cdn1.parksmedia.wdprapps.disney.com/media/blog/wp-content/uploads/2017/06/POTCDLP1280.jpg,"Vous serez plongés dans l'univers époustouflant de vos films préférés.",65e7064fe8de8
8,"Expedition Everest",https://www.disneyfoodblog.com/wp-content/uploads/2023/05/2023-wdw-dak-ride-expedition-everest.jpg,"Des montagnes russes à travers l'Himalaya qui vous feront peut être rencontrer le Yeti.",65e730307fe44
11,"Grande Galère",https://www.parcasterix.fr/sites/default/files/styles/attraction_slider_bloc/public/images/attractions/la%20gal%C3%A8re_0.jpg.webp?itok=lr_1yA5j,"Une attraction qui vous permettra de vous immerger dans la vie d'un pendule.",65e730307fe44
1,"Space Mountain",https://www.businessmarches.com/wp-content/uploads/2017/04/1.jpg,"Un voyage interstellaire qui ravira petits et grands",65e730307fe44
5,"It's a Small World",https://offloadmedia.feverup.com/parissecret.com/wp-content/uploads/2023/01/16121506/KV-its-a-small-world-1024x684.jpg,"Une croisière paisible à travers des scènes animées qui ravira petits et grands.",65e730307fe44
8,"Expedition Everest",https://www.disneyfoodblog.com/wp-content/uploads/2023/05/2023-wdw-dak-ride-expedition-everest.jpg,"Des montagnes russes à travers l'Himalaya qui vous feront peut être rencontrer le Yeti.",65e83cdf0fb20
5,"It's a Small World",https://offloadmedia.feverup.com/parissecret.com/wp-content/uploads/2023/01/16121506/KV-its-a-small-world-1024x684.jpg,"Une croisière paisible à travers des scènes animées qui ravira petits et grands.",65e83cdf0fb20
1,"Space Mountain",https://www.businessmarches.com/wp-content/uploads/2017/04/1.jpg,"Un voyage interstellaire qui ravira petits et grands",65e83cdf0fb20
2,"Pirate des Caraïbes",https://cdn1.parksmedia.wdprapps.disney.com/media/blog/wp-content/uploads/2017/06/POTCDLP1280.jpg,"Vous serez plongés dans l'univers époustouflant de vos films préférés.",65e83cdf0fb20
3,"Splash Mountain",https://cdn1.parksmedia.wdprapps.disney.com/media/blog/wp-content/uploads/2019/07/inmbcvfxdrsewFI.jpg,"Une attraction rafraichissante qui vous aidera à vaincre la chaleur de l'été.",65e6e9b23ee58
4,"Haunted Mansion",https://cdn1.parksmedia.wdprapps.disney.com/resize/mwImage/1/1600/900/75/dam/disneyland/attractions/haunted-mansion/hanted-mansion-exterior-16x9.jpg?1699631836595,"Une balade fantomatique à travers une maison hantée qui vous fera trembler de peur.",65e6e9b23ee58
5,"It's a Small World",https://offloadmedia.feverup.com/parissecret.com/wp-content/uploads/2023/01/16121506/KV-its-a-small-world-1024x684.jpg,"Une croisière paisible à travers des scènes animées qui ravira petits et grands.",65e6e9b23ee58
10,"Auto Tamponneuse",https://maville.com/photosmvi/2019/10/05/P21282026D3859749G.jpg,"Certains vous disent que vous conduisez mal? Ici, tout est permi ! Emboutissez vos adversaires !",65e6e9b23ee58
10,"Auto Tamponneuse",https://maville.com/photosmvi/2019/10/05/P21282026D3859749G.jpg,"Certains vous disent que vous conduisez mal? Ici, tout est permi ! Emboutissez vos adversaires !",65e855e7eaea1
7,"Harry Potter and the Forbidden Journey",https://ca-times.brightspotcdn.com/dims4/default/89948c6/2147483647/strip/true/crop/2048x1361+0+0/resize/1200x797!/quality/75/?url=https%3A%2F%2Fcalifornia-times-brightspot.s3.amazonaws.com%2F28%2Ff7%2F3024e62265a8a32fa6f6afed2e90%2Fla-2455228-et-wizardingworldreview-05-jpg-20160406,"Une simulation volante à travers Poudlar qui vous fera vous sentir comme un vrai sorcier.",65e855b37ca68
2,"Pirate des Caraïbes",https://cdn1.parksmedia.wdprapps.disney.com/media/blog/wp-content/uploads/2017/06/POTCDLP1280.jpg,"Vous serez plongés dans l'univers époustouflant de vos films préférés.",65e855b37ca68
1,"Space Mountain",https://www.businessmarches.com/wp-content/uploads/2017/04/1.jpg,"Un voyage interstellaire qui ravira petits et grands",65e855b37ca68
3,"Splash Mountain",https://cdn1.parksmedia.wdprapps.disney.com/media/blog/wp-content/uploads/2019/07/inmbcvfxdrsewFI.jpg,"Une attraction rafraichissante qui vous aidera à vaincre la chaleur de l'été.",65e855b37ca68
4,"Haunted Mansion",https://cdn1.parksmedia.wdprapps.disney.com/resize/mwImage/1/1600/900/75/dam/disneyland/attractions/haunted-mansion/hanted-mansion-exterior-16x9.jpg?1699631836595,"Une balade fantomatique à travers une maison hantée qui vous fera trembler de peur.",65e855b37ca68
6,"Revenge of the Mummy",https://s7d2.scene7.com/is/image/TWCNews/n13_universal_orlando_revenge_of_the_mummy,"Montagne russes dans le noir inspirées par le film La Momie.",65e855b37ca68
5,"It's a Small World",https://offloadmedia.feverup.com/parissecret.com/wp-content/uploads/2023/01/16121506/KV-its-a-small-world-1024x684.jpg,"Une croisière paisible à travers des scènes animées qui ravira petits et grands.",65e855b37ca68
9,"Millennium Falcon : Smuggles Run",https://fr.web.img6.acsta.net/r_654_368/newsv7/19/02/28/11/45/1854358.jpg,"Prenez part à la guerre intergalactique contre l'Empire a bord du Faucon Millennium !",65e855b37ca68
10,"Auto Tamponneuse",https://maville.com/photosmvi/2019/10/05/P21282026D3859749G.jpg,"Certains vous disent que vous conduisez mal? Ici, tout est permi ! Emboutissez vos adversaires !",65e855b37ca68
8,"Expedition Everest",https://www.disneyfoodblog.com/wp-content/uploads/2023/05/2023-wdw-dak-ride-expedition-everest.jpg,"Des montagnes russes à travers l'Himalaya qui vous feront peut être rencontrer le Yeti.",65e855b37ca68
11,"Grande Galère",https://www.parcasterix.fr/sites/default/files/styles/attraction_slider_bloc/public/images/attractions/la%20gal%C3%A8re_0.jpg.webp?itok=lr_1yA5j,"Une attraction qui vous permettra de vous immerger dans la vie d'un pendule.",65e855b37ca68
,myriam,"https://www.thoughtco.com/thmb/SuveYjmc-r0wMBYj4QOea0cE7D0=/1488x2338/filters:fill(auto,1)/Twilight_book_cover-589fa4625f9b58819cb2e790.jpg",mymrrrr,65ead980c5be0
65eade7dd93cb,111,https://th.bing.com/th/id/OIP.Kx5UfK_bddEXfkgPgv2c2gHaLP?rs=1&pid=ImgDetMain,1111111,65ead980c5be0
3,"Splash Mountain",https://cdn1.parksmedia.wdprapps.disney.com/media/blog/wp-content/uploads/2019/07/inmbcvfxdrsewFI.jpg,"Une attraction rafraichissante qui vous aidera à vaincre la chaleur de l'été.",65ead980c5be0
1,"Space Mountain",https://www.businessmarches.com/wp-content/uploads/2017/04/1.jpg,"Un voyage interstellaire qui ravira petits et grands",65eb607b13801
2,"Pirate des Caraïbes",https://cdn1.parksmedia.wdprapps.disney.com/media/blog/wp-content/uploads/2017/06/POTCDLP1280.jpg,"Vous serez plongés dans l'univers époustouflant de vos films préférés.",65eb607b13801
3,"Splash Mountain",https://cdn1.parksmedia.wdprapps.disney.com/media/blog/wp-content/uploads/2019/07/inmbcvfxdrsewFI.jpg,"Une attraction rafraichissante qui vous aidera à vaincre la chaleur de l'été.",65eb607b13801
5,"It's a Small World",https://offloadmedia.feverup.com/parissecret.com/wp-content/uploads/2023/01/16121506/KV-its-a-small-world-1024x684.jpg,"Une croisière paisible à travers des scènes animées qui ravira petits et grands.",65eb607b13801
11,"Grande Galère",https://www.parcasterix.fr/sites/default/files/styles/attraction_slider_bloc/public/images/attractions/la%20gal%C3%A8re_0.jpg.webp?itok=lr_1yA5j,"Une attraction qui vous permettra de vous immerger dans la vie d'un pendule.",65eb607b13801
5,"It's a Small World",https://offloadmedia.feverup.com/parissecret.com/wp-content/uploads/2023/01/16121506/KV-its-a-small-world-1024x684.jpg,"Une croisière paisible à travers des scènes animées qui ravira petits et grands.",65eb60e15cfa7
6,"Revenge of the Mummy",https://s7d2.scene7.com/is/image/TWCNews/n13_universal_orlando_revenge_of_the_mummy,"Montagne russes dans le noir inspirées par le film La Momie.",65eb60e15cfa7
65eb6182d29cf,lily,"data:image/jpeg;base64,/9j/4AAQSkZJRgABAQAAAQABAAD/4QBrRXhpZgAASUkqAAgAAAADAA4BAgAeAAAAMgAAAJiCAgATAAAAUAAAABIBAwABAAAAAQAAAAAAAABjYXQgbWVvd3MgZ3JheSB0YWJieSBTaG9ydGhhaXJEbXl0cm9fU2tvcm9ib2dhdG92/+0AjFBob3Rvc2hvcCAzLjAAOEJJTQQEAAAAAABwHAJQABNEbXl0cm9fU2tvcm9ib2dhdG92HAJ4AB5jYXQgbWVvd3MgZ3JheSB0YWJieSBTaG9ydGhhaXIcAnQAE0RteXRyb19Ta29yb2JvZ2F0b3YcAm4AGEdldHR5IEltYWdlcy9pU3RvY2twaG90b//hBUpodHRwOi8vbnMuYWRvYmUuY29tL3hhcC8xLjAvADw/eHBhY2tldCBiZWdpbj0i77u/IiBpZD0iVzVNME1wQ2VoaUh6cmVTek5UY3prYzlkIj8+Cjx4OnhtcG1ldGEgeG1sbnM6eD0iYWRvYmU6bnM6bWV0YS8iPgoJPHJkZjpSREYgeG1sbnM6cmRmPSJodHRwOi8vd3d3LnczLm9yZy8xOTk5LzAyLzIyLXJkZi1zeW50YXgtbnMjIj4KCQk8cmRmOkRlc2NyaXB0aW9uIHJkZjphYm91dD0iIiB4bWxuczpwaG90b3Nob3A9Imh0dHA6Ly9ucy5hZG9iZS5jb20vcGhvdG9zaG9wLzEuMC8iIHhtbG5zOklwdGM0eG1wQ29yZT0iaHR0cDovL2lwdGMub3JnL3N0ZC9JcHRjNHhtcENvcmUvMS4wL3htbG5zLyIgICB4bWxuczpHZXR0eUltYWdlc0dJRlQ9Imh0dHA6Ly94bXAuZ2V0dHlpbWFnZXMuY29tL2dpZnQvMS4wLyIgeG1sbnM6ZGM9Imh0dHA6Ly9wdXJsLm9yZy9kYy9lbGVtZW50cy8xLjEvIiB4bWxuczpwbHVzPSJodHRwOi8vbnMudXNlcGx1cy5vcmcvbGRmL3htcC8xLjAvIiAgeG1sbnM6aXB0Y0V4dD0iaHR0cDovL2lwdGMub3JnL3N0ZC9JcHRjNHhtcEV4dC8yMDA4LTAyLTI5LyIgeG1sbnM6eG1wUmlnaHRzPSJodHRwOi8vbnMuYWRvYmUuY29tL3hhcC8xLjAvcmlnaHRzLyIgZGM6UmlnaHRzPSJEbXl0cm9fU2tvcm9ib2dhdG92IiBwaG90b3Nob3A6Q3JlZGl0PSJHZXR0eSBJbWFnZXMvaVN0b2NrcGhvdG8iIEdldHR5SW1hZ2VzR0lGVDpBc3NldElEPSI1MDM2ODUzMTIiIHhtcFJpZ2h0czpXZWJTdGF0ZW1lbnQ9Imh0dHBzOi8vd3d3LmdldHR5aW1hZ2VzLmNvbS9ldWxhP3V0bV9tZWRpdW09b3JnYW5pYyZhbXA7dXRtX3NvdXJjZT1nb29nbGUmYW1wO3V0bV9jYW1wYWlnbj1pcHRjdXJsIiA+CjxkYzpjcmVhdG9yPjxyZGY6U2VxPjxyZGY6bGk+RG15dHJvX1Nrb3JvYm9nYXRvdjwvcmRmOmxpPjwvcmRmOlNlcT48L2RjOmNyZWF0b3I+PGRjOmRlc2NyaXB0aW9uPjxyZGY6QWx0PjxyZGY6bGkgeG1sOmxhbmc9IngtZGVmYXVsdCI+Y2F0IG1lb3dzIGdyYXkgdGFiYnkgU2hvcnRoYWlyPC9yZGY6bGk+PC9yZGY6QWx0PjwvZGM6ZGVzY3JpcHRpb24+CjxwbHVzOkxpY2Vuc29yPjxyZGY6U2VxPjxyZGY6bGkgcmRmOnBhcnNlVHlwZT0nUmVzb3VyY2UnPjxwbHVzOkxpY2Vuc29yVVJMPmh0dHBzOi8vd3d3LmdldHR5aW1hZ2VzLmNvbS9kZXRhaWwvNTAzNjg1MzEyP3V0bV9tZWRpdW09b3JnYW5pYyZhbXA7dXRtX3NvdXJjZT1nb29nbGUmYW1wO3V0bV9jYW1wYWlnbj1pcHRjdXJsPC9wbHVzOkxpY2Vuc29yVVJMPjwvcmRmOmxpPjwvcmRmOlNlcT48L3BsdXM6TGljZW5zb3I+CgkJPC9yZGY6RGVzY3JpcHRpb24+Cgk8L3JkZjpSREY+CjwveDp4bXBtZXRhPgo8P3hwYWNrZXQgZW5kPSJ3Ij8+Cv/bAIQACQYHCAcGCQgHCAoKCQsNFg8NDAwNGxQVEBYgHSIiIB0fHyQoNCwkJjEnHx8tPS0xNTc6OjojKz9EPzhDNDk6NwEKCgoNDA0aDw8aNyUfJTc3Nzc3Nzc3Nzc3Nzc3Nzc3Nzc3Nzc3Nzc3Nzc3Nzc3Nzc3Nzc3Nzc3Nzc3Nzc3Nzc3/8AAEQgAhQDIAwEiAAIRAQMRAf/EABsAAAEFAQEAAAAAAAAAAAAAAAUAAQIDBAYH/8QAOhAAAgEDAwIEBAQFAgYDAAAAAQIDAAQRBRIhMUEGEyJRYXGBkRQyQqEjscHR8AfhFTNSgrLxJGJy/8QAGAEAAwEBAAAAAAAAAAAAAAAAAAECAwT/xAAhEQEBAAIBBAMBAQAAAAAAAAAAAQIRIQMSMUETMmFRIv/aAAwDAQACEQMRAD8A9HHPSnqCZ2DPXFSrRJUsU4pqAenxTA1k1O9FlCHxlicKD3NK3Qk3dNVNihdvd3IAd9rg/pCbT9CKJRSpMgdDkH7g+x+NKZSqywsSNKlmkRVJOKeo05NAOOTmpE5qIp6AQ4ppHVUy7BV92OBVdxOlvE0spO0ewySfYUNeJrpRNdq2TgqhU7U9sVOWWlY47EUmjc/w5Eb/APLA1M81yP4lrHUInXIj34ZR7Gut7UY5bPPDtLFSBqNI9apCfB7UqQpwKAX0pwB7UxNKgJlsDilTAZpUBX0FNmlnilQD02aVNQEhXOeNHeOOzKjIMhB+1dGtCvE9t+J05MdUlDfsanP61fT+0R0N1lt1YuB2IzWydJbdvOiG8fqAP5hQLw/cLbzsjHHsa6czRMnLHkdGHWs/TWzlGF1lQOhyP5VOhaTiwu2LHEL4yvaiBvLQybRN6sZ245rTHLcY5YWXhZTGo/iLXcALiMZ/LlsZp2uLQAZuYeTgesdfantOkhTk7VLE4AGSayT6lawsVUmYrwREQxz8vtWe91OM264jkQM3R15yOR/f7UrlIqYWpJuu5/NcDbGT5SE+lf8A7N8fYdqe9voYYjlw57sp/wANWaa8SWqqw7Zw3T5n/PpQjxC9qUaNSA2MkIST9Pespfbft9A9xi7aRkztA4zzXbxcwoc5yoP7VyGjxhk2t+rgZrsdgRVQfpUCq6d3anrTUkNTimp61YJA0s01OKAcUu9KkDzQFyAYpUytimpAGi1uzdA/nrgnHXrSbxHpaNskukVh2biuWska4AkeMIi9wMVmnSe6nRUWNGjbBY85FZfJW3xR3Sazp7j0XcB/7xVsdzDMA0UqOD3Vs153f6dazIfOSJXHPHf6UKu7c2Kt+EMiEDKYyoJp/L+F8X69eBqm9Uy2kqKMsV4Hxryi113X7JgxunYAcoy5AotYf6g3CFBqFoskZ6yRHBH0NP5MbwXZlORm18yKcywoA47EZx96P2txJLGMybieofB/lQOG4le2tSrrMJA7K4HqILZX7DGaIxSCKMBGBkcZbcCV+/ascbrh05SWbPqkgjC+UEadT+U+3f8AbJ+hoZDDfTSojS43ErgD0sQCCM1tRpXu0MsR2KPUrAAN7Hj51vurKWTV9PljhLWmNxIOChHQH4U9e2VrB+HGlRJZXIRQYmnMo7spH27fPFYfDrk2T3EdvvmuLhhEDztG48/L+xox4nAui2QFaNSFbHv1+nAoVprf8PghG3KIu1Ai8r7/ALg/emEL7S1srt5ZJSJrkq2EAHqA/l8KstluLQmN5GnbePQ59S8flB785Ofn0rVqFvLe6xp16yKIY1ZpXJ7dhWTUdQg1S4khsbi03AYxHIDJn7/2ovIjfPKhixHkqDh0IyQMc5yfma5u5Fr56mAvzztb2oj5Ulqqtcq3oAAMfG74HHX2+tDb/wDDwvFMCvQBsHr8fn14rPLw6OlZses0ispbJpH3vPJsSNR+odfsOfpXSHmub0V47uW1Ih2+SGl3MckZ9IH/AJftXRZrfpTWLl693kY0qemrVicVKo5p80A+aQqOacGgJUqYGlQHMzW3lRN+GOTndj/qHsKxTlAVW3VssoUkcFfnRWzjdYgJXJHT3xVEhQXbsiDA43Ada5nSENp+8qsw3KW/PjpUNRt8OXmVWjVTyeh4rRqF0z3q2kRzkgEA9vesuomTcPMmxEPSVPOT8aRhl0wlfbEGVW/Ux5HHeh8ljBcQAln3g9I+hxRiW2EkXmXO0ZHC55+FWW0Udw8cMA2SSYUgjB+ZpGWkPPHaRwqUmkSXMORz7Eft+1dPpUUjXMqzMW2cBgSQ3fj2NVpalJUt1RUVgfMKj9I7fDPHtRjT7uxtl8kxCEsMb9vPPxqtcpt4cJ4ks9T1mK+1C2uJLTSbUEKICFkuSOpzwAM8fSl/pRqUqr+Ig1G6n04yeXNb3bbjEeMMp7fmGR0wfcUUfR5pfCUnh6/EyhGKw3lqDIrrklWyM4ODgg4/rQyTwteaX4WgsNNidYjcRvPPKCjPhgcAY5JIHwAFTv17Rd9349D1u13THChujYOMHHNB5LUuYhyFL4DHqRnFGI7prgfxdpl24ZR0X4UPvZEhGGbazHKkHpirORz/AI+jl1S6tfDdnc+TG4U3OGwSGJCqfhwxPyFea+FdI0/V/Ek+jwh7WaLzPJuoZDklD/XrXby6ZqWpeM5b6G4g/iQoDG/AmUYIKkdCDn9x3NF7Lw9FomoXGrR6XFb3kqkSTSzqsfuT1OM45wKi3XGhZd8KtEa6uLK8sb1PNn06QRTNEPz5GQ2B7gg1gubaZp5PWS2cxIw25+HI9vjRvTdStdMS6/Dv+Ju76UzzzY2qzEYAUHooAAH9alNDc6pbyKxKgDcrjruqvK9sfhWdraQJONvmLhfhjtXX5zXK2K+aQuCSvUkHhh1rp0/KK3w8MOp5Tp6jmnqkHpU2aemCpxTU4oB6VIUqQc/ql0luy2yZDnndj96jFOzxEMqklcc9GrPrkYudQV1l2gfmU96rlYeQi8JkbcH9q5nSFtZCeSS6V2VxnA7g1Yqv5TC59QjIYkNz/wCquh2RWmGY+pvUeuPlWJHW2YNNv8tiTgDqKSlszSMgJOB1UEDJ+tU6ezrdpcSb8KSDwec8ftU5nxaeasRYyk7QTnA+VU/iSNgkBBxkgNS2euHdaBJDPLdMEYoAFyBn/eqNVgWJisSyMD+g9/hjFNoWoQposcgGxz6eeCT8aJyos9h/F3sccnGQPvxV+WXigVlb3aSgxXLwoR+kkHjtzx9hRpYJp3SSadpTH+QE8A+9VmGBrECKzuZWA5WNgiH58gGsXh5JrW6lRNLFlbN/1XG45+A5Hx+tK8HOXP3nimHTdWktI0M230sykDBB5468UH1Hxgsl9HFcoI4V53bhnB4zgc0Z/wBTtGtZIhrFoIP+I22SykcumMHp3A6Vz/8Apzo9nqMkmtar5ZnXCQxe+Byx+tL/AFv8XOzt/XWGFIrW3uZC+McSFeeeeRTvp8N3GWV1ZwP+ZHg9Pn/n0pvEkFxdrCtvb29zHnBQyFT1HTFa9IhxEofQYIo1XAEbKT1zROfJXgDtLNfO8kyRqc9+R9q63T0jtotm7L4wCp4+1WR21os2WhEGcfmQgH64x+9XXMauvoKenoRVSaTbtz9qZU1G4SZSqu3oOevv24o8pOOorNJsaSPKqGAycdq0BuOtbYeGOflMUs1XmpZq0pZp81DNLNATBp6gDT5oCYNKog09Ac9qNsp1IuA2SMYqnUYsFFUYAxuPX9qJ3ilpQ6qTzyaE391JPcmARsTjGelcrpjJGjQAQsudowGB4Oar1aBTLDgMVRfVznbWiLyw6Iwwx6ljmo3cETIZFfaD3PekpQbizuG2ozr5QxlhgfahsG7zmjBDAnO5+4+A/wA+laRAgncNHk4yAV6/Os9pAHvJ5GPlvnjceCPbkUjHfDNzE11LbNG25vWjM+Tx2+FdhFLANquCX7FgT9q8/wBJ32N+uBuLFizHtj59v8+FdqtzH6HXJcjA96uMsmvUXYWhEkssKjkmLrtrkn1nS7W5fJVV3EsZJCWyOTx78110V5HNmJ0Kn3bnNcj4w8HRX1vLc2WEm2HPAw3+/FVYMb/XEeN/FM1yhtLFDHCcgykfnBHb71z3hrxFqGkMIYf/AJELN/yn5PPsaP6O9gLTUNJ8RxlFimEttL1dGZcMuPY7QanoMvhXTNVWU/ibgxESKJIwBuHT69Knnw6MccbN10EetWbwgywLEyt6lkQcEHkcdxkitOia5ZzagkNjaSMyjb5gchAO2VJ7/wBMGuN0HTLzWL67cBWZpi8kgX0jccn65z9K9Y0Dw7a6TEoVQX/U5/V/mKcxZZWC8CSJCGkPbqP96okzI20A496ulk8wFE/J0rFLN5amOHhuxqmatDGGIVSMcZznNWZ9qywyZGM9+fnVu7Fazwyt5W5pwaq3A04amS3NLNV7qWaAtBp81UDUgaAtBpVDNNQAa1lZ4nTfkr3+FYLZ2/GP50jbTkBjintD5DyZUnjGcVOzaOSdnljP24NcrpWNAVY5XPcbR1oPdXzw3qLIqBUztBxhj8qNXFxIW2R9B2Y44+FDwkLSmSRkDZz6hnFIwiyurqW9eQnPmtg5T+tFPSWKsuWJ52jIz/KhM99i8QIcsDx22j+9b7BkaAShvMIJDLk8HvQbfYLF5+ISGcDPp7/5/vRKzDKXjcESHkYPSg1jJtlVWARzkgbv8NFBKXZjuC7Oh3YP2qoiiCZkceYPLI9u9FIJyFUH1JjihVvOsrAuu1gMZNXlHbODxTlKoatoOj6koa5soJJAOGK+ofWgdt4I0KGcstgnJ/UzEfuaMb5ezHC9zVImlL4396exqi9nb2ljB5VrBHGo/SigCnaTcRvY7fasMcjZwWya0rgjB4p7LSyV8oQp4zwRWRgAXLnkjOc9DWjKqMAgVgnlVhIOuByKQVo4JyM/GrQ+eDWON8AY6fKrN/PWt2LTuwafdWcP71LdTDQGpbqoD0+6gNAanDVQHqQakF+6lVQalQQFbNI4KyKVUjFX26DBTjcPYU8QXyDIXU5rKrZucb+F5IHeuZ07K8hfzhIH2/TrQa+nkgZzsCkLy2c/tXQtPEGxjIHbFc/4i5gfCgZHQDJpaOObkmDTecXUbRk47/3ro9MnIhhiwqqF3HPcmuXikCgAr3wNwHSjmlziZiBgZ5Zu/wBKDGkMcc0TgDGcFxWieWOCaISR7y2Py88VknA3YUbcDNWSM1zYpNHlfKPSgheZiFD/AJOmAvarzdyJDnuw474odaXSyqsZdOBzzVkwkwXi5UDHyphY91J+XhVxShlQMmcjPc/zoYzNJIysSM9hTtuk3AS8nj96WxocjkVlVxnDDJ+FbPNHlg/vQW3YxRKjt6VAX6e9axcbhsGfY1W06Su7glMcn2IPeooSLQtJtyRitFrbxoWZuc+9YdWuBs8sDoecU5ORbwoEmOKmsnahwlqYm+NdDARElTElDhN8amJqAICSpb6wCb41ITUBvD1IPWES1MS0BtD01ZRLT0EERP6BEB6VFZWlMc25eMHHFKlXNXTGlLh5ZQXwcUP1kkwM3fk0qVKiOSi/ixnd+nIFEtCuPIhRhGpZm5boaVKkY7uEmxlG1mOMnmp6Lnz5oGO5DkjPampUyc/LeTW+rFI2wqscA9K7TT7tyhB5B65+VKlSxPJaxVmJ2gH3oZJMYpQiqAAaalTpRtgmJJBH6cfat8EmGIx0/tSpU4KeW9dI39IOKD3j4gWUjJc+/SlSqsfKb9WLzT2qQlalSrdimJWqYlalSphIStUxK1KlQE1larFlalSpBMStSpUqCr//2Q==","un joli chat qui vous ravira",65eb607b13801
